pitcher,barrel_rate,hard_hit_rate
453286,0.0,0.18518518518518517
605135,0.0,0.038461538461538464
605483,0.0,0.07142857142857142
607192,0.0,0.07894736842105263
622554,0.0,0.07407407407407407
656546,0.0,0.09090909090909091
660271,0.0,0.058823529411764705
669456,0.0,0.15384615384615385
680736,0.0,0.09523809523809523
686218,0.0,0.2
686973,0.0,0.1111111111111111
702056,0.0,0.09523809523809523
808967,0.0,0.058823529411764705
