team,pit_barrels_allowed_rate,pit_hard_hit_allowed_rate
LAD,0.002081165452653486,0.07284079084287201
TOR,0.004576659038901602,0.08810068649885583
