team,pit_barrels_allowed_rate,pit_hard_hit_allowed_rate
LAD,0.007662835249042145,0.09578544061302682
SEA,0.007905138339920948,0.11857707509881422
TOR,0.0034965034965034965,0.06643356643356643
