team,pit_barrels_allowed_rate,pit_hard_hit_allowed_rate
LAD,0.0045351473922902496,0.07482993197278912
TOR,0.005889281507656066,0.07656065959952886
