team,pit_barrels_allowed_rate,pit_hard_hit_allowed_rate
LAD,0.006980802792321117,0.06457242582897033
TOR,0.006837606837606838,0.07521367521367521
