team,bat_barrel_rate,bat_hard_hit_rate
LAD,0.0,0.11627906976744186
TOR,0.0,0.08333333333333333
