team,pit_barrels_allowed_rate,pit_hard_hit_allowed_rate
LAD,0.003432494279176201,0.07322654462242563
TOR,0.006105006105006105,0.08302808302808302
