team,bat_barrel_rate,bat_hard_hit_rate
LAD,0.0034662045060658577,0.09012131715771231
TOR,0.0,0.08936825885978428
