team,bat_barrel_rate,bat_hard_hit_rate
LAD,0.004424778761061947,0.08628318584070796
TOR,0.0,0.0873015873015873
