team,bat_barrel_rate,bat_hard_hit_rate
LAD,0.004576659038901602,0.08810068649885583
TOR,0.002081165452653486,0.07284079084287201
