team,bat_barrel_rate,bat_hard_hit_rate
LAD,0.005889281507656066,0.07656065959952886
TOR,0.0045351473922902496,0.07482993197278912
