team,bat_barrel_rate,bat_hard_hit_rate
LAD,0.015625,0.125
MIL,0.0,0.06716417910447761
SEA,0.0023094688221709007,0.06928406466512702
TOR,0.010610079575596816,0.10344827586206896
