team,bat_barrel_rate,bat_hard_hit_rate
LAD,0.005633802816901409,0.08028169014084507
TOR,0.005571030640668524,0.07103064066852367
