team,pit_barrels_allowed_rate,pit_hard_hit_allowed_rate
LAD,0.007662835249042145,0.09578544061302682
SEA,0.007751937984496124,0.13178294573643412
TOR,0.004672897196261682,0.07476635514018691
