team,bat_barrel_rate,bat_hard_hit_rate
LAD,0.007751937984496124,0.08914728682170543
MIL,0.0,0.06909090909090909
SEA,0.0017793594306049821,0.07651245551601424
TOR,0.009328358208955223,0.09701492537313433
