team,bat_barrel_rate,bat_hard_hit_rate
LAD,0.006944444444444444,0.06597222222222222
SEA,0.0,0.06690140845070422
TOR,0.007782101167315175,0.10700389105058365
