team,pit_barrels_allowed_rate,pit_hard_hit_allowed_rate
LAD,0.0,0.08529411764705883
TOR,0.003194888178913738,0.09904153354632587
