team,pit_barrels_allowed_rate,pit_hard_hit_allowed_rate
LAD,0.00641025641025641,0.09615384615384616
SEA,0.007905138339920948,0.11857707509881422
TOR,0.002197802197802198,0.05934065934065934
