team,bat_barrel_rate,bat_hard_hit_rate
LAD,0.006837606837606838,0.07521367521367521
TOR,0.006980802792321117,0.06457242582897033
