team,bat_barrel_rate,bat_hard_hit_rate
LAD,0.007751937984496124,0.08914728682170543
MIL,0.0,0.06909090909090909
SEA,0.0014347202295552368,0.08034433285509325
TOR,0.008836524300441826,0.101620029455081
