team,pit_barrels_allowed_rate,pit_hard_hit_allowed_rate
LAD,0.0,0.06909090909090909
MIL,0.007751937984496124,0.08914728682170543
SEA,0.008836524300441826,0.101620029455081
TOR,0.0014347202295552368,0.08034433285509325
