team,pit_barrels_allowed_rate,pit_hard_hit_allowed_rate
LAD,0.0,0.08936825885978428
TOR,0.0034662045060658577,0.09012131715771231
