team,bat_barrel_rate,bat_hard_hit_rate
LAD,0.006944444444444444,0.06597222222222222
SEA,0.0,0.09285714285714286
TOR,0.007692307692307693,0.1076923076923077
