team,pit_barrels_allowed_rate,pit_hard_hit_allowed_rate
LAD,0.0,0.0873015873015873
TOR,0.004424778761061947,0.08628318584070796
