team,pit_barrels_allowed_rate,pit_hard_hit_allowed_rate
LAD,0.0,0.06716417910447761
MIL,0.015625,0.125
SEA,0.010610079575596816,0.10344827586206896
TOR,0.0023094688221709007,0.06928406466512702
