team,bat_barrel_rate,bat_hard_hit_rate
LAD,0.006105006105006105,0.08302808302808302
TOR,0.003432494279176201,0.07322654462242563
