team,bat_barrel_rate,bat_hard_hit_rate
LAD,0.003194888178913738,0.09904153354632587
TOR,0.0,0.08529411764705883
