team,bat_barrel_rate,bat_hard_hit_rate
LAD,0.005847953216374269,0.04678362573099415
SEA,0.0,0.06690140845070422
TOR,0.007334963325183374,0.1100244498777506
